Currency,Date,Closing Price (USD),24h Open (USD),24h High (USD),24h Low (USD)
ETH,2019-03-24,136.4499003611,135.7098431562,137.6065983039,135.541304583
ETH,2019-03-25,135.3985811821,136.4499003611,136.781789431,134.4535309838
ETH,2019-03-26,133.3026313866,135.3987134978,136.2429513742,131.9485493951
ETH,2019-03-27,133.491076466,133.3026313903,134.0453116715,131.8460824887
ETH,2019-03-28,138.0700978023,133.6068482132,138.4396785207,133.3502828326
ETH,2019-03-29,137.3131883414,138.0713549413,139.6121758174,136.9036614054
ETH,2019-03-30,141.3032261861,137.3131894522,141.9577680655,137.3054559103
ETH,2019-03-31,141.9411061732,142.9308878601,145.3971303255,140.1061777971
ETH,2019-04-01,141.3437324434,141.9411061732,142.3020308014,140.4430786403
ETH,2019-04-02,141.7132480977,141.3437324434,143.4213245899,139.6024911608
ETH,2019-04-03,162.4298499194,141.7131425735,162.4298499194,141.1391834781
ETH,2019-04-04,164.7095956211,162.4258216156,178.7461974501,161.3090185289
ETH,2019-04-05,157.0412172898,160.9538666575,164.7657107971,153.7237594135
ETH,2019-04-06,165.9009262332,157.0468402461,168.4524557544,156.4458813124
ETH,2019-04-07,165.1570911346,165.6701460262,173.1086202004,160.5805099234
ETH,2019-04-08,173.9915868596,165.1570733238,176.2497243452,164.3032370269
ETH,2019-04-09,180.2351402374,174.8922261462,186.6640292356,173.0594830604
ETH,2019-04-10,176.1470907475,180.2311269375,181.0021666632,173.9740099774
ETH,2019-04-11,176.9719356847,176.1472961606,184.5993879421,170.9414176756
ETH,2019-04-12,165.6442939753,177.6830927779,177.862885283,160.3467721447
ETH,2019-04-13,165.2382409608,165.5401782406,167.3150712195,159.6024532112
ETH,2019-04-14,163.5799827431,165.2382504247,166.0142708935,162.1620011157
ETH,2019-04-15,168.2816859782,163.7809405687,168.6729722836,161.9848446413
ETH,2019-04-16,161.2565403665,167.9639777994,169.3339980993,156.8817264905
ETH,2019-04-17,165.6484764816,160.9763295278,167.8432376701,160.2917735348
ETH,2019-04-18,166.3103092998,165.6484764819,168.1959472294,164.9580746846
ETH,2019-04-19,173.6138263386,166.7711375686,175.9973429248,166.2979098236
ETH,2019-04-20,173.3950037969,174.1652914363,174.7232331613,169.8921115675
ETH,2019-04-21,173.2030204958,173.3950038009,178.199952396,171.5048713074
ETH,2019-04-22,170.1608502648,173.2030202321,174.6680259178,166.8837057203
ETH,2019-04-23,172.812843947,170.2137798213,173.7226492564,168.6895010693
ETH,2019-04-24,171.8396593111,172.812843947,176.6144827855,169.3852631974
ETH,2019-04-25,166.1931801761,171.831364664,172.0982144692,162.7420444046
ETH,2019-04-26,154.2475257909,166.1931789145,167.2456154369,150.0683729287
ETH,2019-04-27,153.910298909,152.7665865714,156.5630716584,149.2671165999
ETH,2019-04-28,157.4083036403,153.9102919492,159.137838725,153.1744018146
ETH,2019-04-29,154.8280849561,157.4083036403,157.4083036403,153.9904273639
ETH,2019-04-30,153.6813136507,154.5353050265,156.4159373928,150.1627163138
ETH,2019-05-01,161.2913028726,153.5656808557,162.0022795529,153.5621438649
ETH,2019-05-02,157.8012725593,161.2913028726,163.4850411628,157.5398057483
ETH,2019-05-03,160.9700952503,158.8186778416,161.7107498942,157.4255982996
ETH,2019-05-04,166.1339035393,160.9700952572,169.4580391735,159.387654319
ETH,2019-05-05,163.890699755,166.2612587023,169.0984117984,159.4444312922
ETH,2019-05-06,162.934863507,163.0249997935,164.4565507075,158.957622265
ETH,2019-05-07,173.6051180015,162.9348543551,176.1419967011,159.4688469205
ETH,2019-05-08,173.8130613629,171.4987986882,180.9202927093,169.1960998816
ETH,2019-05-09,170.8984032061,167.5929449797,172.4007052503,164.0970315199
ETH,2019-05-10,170.9917808828,170.8987343371,173.6213547382,166.7188905747
ETH,2019-05-11,174.1020004617,171.0468296904,176.9262576634,169.0667092196
ETH,2019-05-12,200.4883683545,173.168519845,201.074413173,173.1673539981
ETH,2019-05-13,188.3712623426,193.5311125225,203.9942529651,183.4799912987
ETH,2019-05-14,197.3040943897,188.3712623426,208.6716873929,186.685825369
ETH,2019-05-15,217.0781324372,197.299574602,217.1880134034,193.3100007634
ETH,2019-05-16,246.8264233208,218.4421332696,247.0957860801,218.2680924277
ETH,2019-05-17,260.330209153,246.8210856379,279.8812675402,243.6837211193
ETH,2019-05-18,239.4492648672,260.3314923783,269.7984664495,224.8613404507
ETH,2019-05-19,238.9319910237,246.883233199,250.7455078375,233.9096323688
ETH,2019-05-20,263.4469652197,236.8134683847,263.9456184207,235.7462827376
ETH,2019-05-21,250.0415313451,263.4497712327,265.7310339819,238.6343525268
ETH,2019-05-22,255.8952567008,251.9595336965,263.4778804164,247.662872757
ETH,2019-05-23,246.4173094087,255.895224084,261.0659458043,240.1637603132
ETH,2019-05-24,245.9878269594,246.4075580041,248.3938023785,231.6547624151
ETH,2019-05-25,250.518148071,245.405348293,255.7286147108,242.3041411046
ETH,2019-05-26,252.862384328,249.6576557456,258.0959147549,248.0271095204
ETH,2019-05-27,264.7384592652,252.8823699745,270.6938733724,246.2654321329
ETH,2019-05-28,269.1706595951,264.7383690368,280.1591994009,264.4292805839
ETH,2019-05-29,272.3649992891,271.3580516923,276.6166321829,265.4736742425
ETH,2019-05-30,270.4586310117,272.3645995326,274.3331889322,260.7551674862
ETH,2019-05-31,253.2695206328,269.4681278252,288.8288032669,174.8634316574
ETH,2019-06-01,262.6178288677,253.2541136244,264.0152553841,208.6338413696
ETH,2019-06-02,268.0068681369,262.6332284343,275.0262938829,261.3622701767
ETH,2019-06-03,269.2745679847,268.0440842728,273.8313452144,210.3151090555
ETH,2019-06-04,257.9038145283,269.3504439897,270.903206546,211.3894775572
ETH,2019-06-05,239.0754424541,249.6732556296,250.8096299108,233.7830046692
ETH,2019-06-06,246.3609227896,239.0304544976,249.2491079894,205.4552915607
ETH,2019-06-07,243.5358114445,246.1550865716,249.6906583267,198.8965083179
ETH,2019-06-08,250.9237807026,243.5257541354,254.2408274011,171.8649292171
ETH,2019-06-09,245.1594274535,250.9237245858,251.9029195749,188.9174314255
ETH,2019-06-10,229.507045803,244.337662976,245.1938418528,184.8904299066
ETH,2019-06-11,243.6975775364,229.5109983415,246.5467555851,227.5986832071
ETH,2019-06-12,245.6023534252,247.6230871862,248.8662286248,170.4118677264
ETH,2019-06-13,257.0824435563,245.5892971941,260.1928110673,187.7823567468
ETH,2019-06-14,255.8128945716,262.4475639364,263.972121018,194.6956137005
ETH,2019-06-15,263.9902061782,255.796484994,264.6293398797,177.9932101538
ETH,2019-06-16,268.8329563868,263.8241691416,273.3375335438,190.6861686292
ETH,2019-06-17,270.7520786339,268.838734965,278.8355813711,207.9707536504
ETH,2019-06-18,273.8801723339,270.7634289315,274.9991089154,267.553952372
ETH,2019-06-19,263.1083721665,273.9480765191,274.3078433466,261.3101545167
ETH,2019-06-20,268.636551063,263.0697805693,269.9607026999,185.516383216
ETH,2019-06-21,271.8312144504,268.686640386,274.2616507445,176.3933054764
ETH,2019-06-22,291.9443651163,271.841026782,295.189669206,247.9209067617
ETH,2019-06-23,302.0057950053,295.9257522991,315.1010619879,293.0506112326
ETH,2019-06-24,308.2046756187,301.9969434143,319.0247986214,301.9419032672
ETH,2019-06-25,308.6652725973,308.2244554592,313.5061674458,222.1409539561
ETH,2019-06-26,316.2122784377,308.8059673343,316.4377843826,305.5939741099
ETH,2019-06-27,324.1308552907,316.2487083708,363.0531638804,314.1520308878
ETH,2019-06-28,296.1115558742,324.1522871853,342.9652397066,274.579391598
ETH,2019-06-29,309.4092892509,296.0943987475,312.1489666428,289.6351824544
ETH,2019-06-30,314.0469441041,310.3283211293,314.3642121439,291.6777349637
ETH,2019-07-01,293.5303668714,314.0430714057,323.437760416,288.3884114973
ETH,2019-07-02,289.4528415487,293.5804697689,301.5106444968,279.0722498113
ETH,2019-07-03,291.447247814,289.4603018591,296.4545035825,271.7342248146
ETH,2019-07-04,301.4034854223,290.8884028843,301.921787863,289.2267636008
ETH,2019-07-05,293.1470522813,301.3994332354,303.5310501347,291.8720501404
ETH,2019-07-06,288.0914835903,282.674053065,294.7659627348,280.1610757227
ETH,2019-07-07,287.2026911401,288.0669655371,298.0285586179,285.4018285743
ETH,2019-07-08,305.7988738872,287.1971906624,310.9137476163,284.6029071816
ETH,2019-07-09,313.7779112419,305.8018717991,314.0525399412,302.1802773712
ETH,2019-07-10,307.7689028778,313.7816513504,318.0989307004,303.436711322
ETH,2019-07-11,289.1743326633,308.34462943,314.500138178,281.7234312221
ETH,2019-07-12,267.7342737532,289.180162335,289.5746750809,262.2146590974
ETH,2019-07-13,274.6791841991,267.7391334504,278.9355042484,266.0516816545
ETH,2019-07-14,267.2689248091,275.5647265722,275.8469260672,262.260216308
ETH,2019-07-15,236.8879113999,269.5569638784,270.0059582938,230.1213864345
ETH,2019-07-16,233.0681670622,236.8410261085,236.852317087,203.8575386018
ETH,2019-07-17,200.2220044059,233.0758189736,234.7755554444,190.9829445495
ETH,2019-07-18,212.2264798064,200.2471555893,219.7023791642,192.4903855176
ETH,2019-07-19,224.2387596856,211.0360477935,226.8850923463,206.3666627537
ETH,2019-07-20,219.6537523526,224.2296352677,230.0290444241,213.7376458646
ETH,2019-07-21,233.1300974731,221.0188231329,235.7427034061,220.4459498574
ETH,2019-07-22,225.087773767,233.1174587709,234.7287711585,217.4643023669
ETH,2019-07-23,215.939034883,225.0844931317,228.5309067492,211.9388611457
ETH,2019-07-24,215.5549594853,215.9336514122,218.9315696038,208.5010151329
ETH,2019-07-25,215.0665579651,212.432693047,218.0273930012,201.3905447493
ETH,2019-07-26,219.6820637044,215.0805309662,225.5042289111,214.8451667165
ETH,2019-07-27,217.9143663032,219.6669342215,220.4622073551,212.8870365048
ETH,2019-07-28,206.3915854447,217.9173500876,223.8310754298,203.0215743387
ETH,2019-07-29,207.3703542487,207.3419250953,211.3757093194,198.1438393257
ETH,2019-07-30,211.6551176583,211.384044004,215.0349629443,206.4738275903
ETH,2019-07-31,210.0807133958,211.6403353471,213.9247064708,204.8359459109
ETH,2019-08-01,216.0859269916,210.0865877645,218.0994618463,209.4857310674
ETH,2019-08-02,217.3123969246,216.0811054653,219.295242131,210.7865769552
ETH,2019-08-03,217.5168015503,217.3149634413,222.626643449,214.9062997638
ETH,2019-08-04,222.1538140516,217.5083335322,224.345801222,216.8259947829
ETH,2019-08-05,222.5023178606,222.1758346584,223.5262997082,217.5653394229
ETH,2019-08-06,233.0314055504,222.521763569,236.5009297095,222.0768085993
ETH,2019-08-07,224.5440762664,233.0398843787,239.2475789687,222.8415379444
ETH,2019-08-08,225.684468426,224.5519475244,230.9854118357,220.9042766092
ETH,2019-08-09,219.2096428405,225.6607662241,226.6140001779,215.2458280325
ETH,2019-08-10,209.1745627817,220.9738875596,221.4198018133,206.5950704656
ETH,2019-08-11,205.9151551672,209.1752908943,214.3848177007,201.6468837161
ETH,2019-08-12,214.8954808413,206.0072575842,216.119511085,205.6597807069
ETH,2019-08-13,211.3484238007,214.892588854,216.6276583554,209.5413326288
ETH,2019-08-14,206.996167465,211.3496170933,211.3618795117,203.4689061941
ETH,2019-08-15,189.6876230143,208.7236345427,208.9678049247,181.9398752579
ETH,2019-08-16,187.9278393382,189.6936324652,189.9109917715,180.0358101033
ETH,2019-08-17,185.9325032642,188.1461934795,188.1461934795,178.3066535946
ETH,2019-08-18,186.3736191253,185.949495458,186.5727489796,182.2122054118
ETH,2019-08-19,194.7744371187,185.6367732806,197.9024857431,183.3606365382
ETH,2019-08-20,200.6583914004,194.7750046647,202.8551121265,193.0932168344
ETH,2019-08-21,198.1378701693,200.658598581,203.530310613,194.9857252192
ETH,2019-08-22,184.8960217518,198.1406677926,198.2963583724,180.5554796135
ETH,2019-08-23,193.7319852095,184.8933108786,195.0971625491,182.8136615152
ETH,2019-08-24,193.9669058738,190.6748552597,196.3663187793,188.6423054654
ETH,2019-08-25,190.7985040094,194.0346256867,194.2765906992,186.2781651522
ETH,2019-08-26,186.1119314503,190.8039604467,192.5964582125,183.1354369181
ETH,2019-08-27,188.0709594489,186.8025597743,194.0876921793,185.8345895415
ETH,2019-08-28,185.7509882627,188.0587573976,189.1812179692,184.745081817
ETH,2019-08-29,174.059016341,187.1406593952,188.0544013219,166.3943473871
ETH,2019-08-30,168.9614619692,174.0616853228,174.0883113206,163.9105753218
ETH,2019-08-31,168.6898906234,168.9515701676,170.3022488962,165.7575073259
ETH,2019-09-01,172.8455753702,168.5187352739,174.9729731023,166.0265663214
ETH,2019-09-02,172.0143992107,172.826160257,173.5498796462,168.1103539739
ETH,2019-09-03,178.4059546602,172.021334776,181.0235304621,170.5520436806
ETH,2019-09-04,180.3972338053,178.601201595,183.0464879759,175.1707108407
ETH,2019-09-05,174.3697252053,180.3998343684,180.703478003,173.4475722367
ETH,2019-09-06,174.9847094505,174.3779947508,175.5946977666,169.7753623021
ETH,2019-09-07,169.1709224623,174.998372023,178.328507888,165.4529089527
ETH,2019-09-08,178.645235159,169.1518812618,181.02045326,168.7406680728
ETH,2019-09-09,181.4454540023,178.2157072561,184.288189458,177.1594462707
ETH,2019-09-10,182.2717700833,181.4413664128,185.454033352,176.2742855079
ETH,2019-09-11,179.4033828685,182.2687223568,184.5444279023,176.9742999851
ETH,2019-09-12,178.3436658993,179.9270524235,182.5128769522,174.4060047173
ETH,2019-09-13,181.2873035665,178.3473136473,182.5456220746,176.8659888438
ETH,2019-09-14,180.7958504026,181.2892050893,181.4556500969,177.8017548907
ETH,2019-09-15,187.4962298211,180.7985022871,188.6503457173,179.9538264181
ETH,2019-09-16,188.7210221857,188.6049836937,190.6841346706,186.1629628079
ETH,2019-09-17,197.7618966425,189.4594799938,199.7446388264,188.5793541442
ETH,2019-09-18,211.8446526245,197.7609893095,215.1567034564,196.4356547562
ETH,2019-09-19,211.7686704911,211.8258499684,217.7314461308,207.2231380433
ETH,2019-09-20,220.4508762286,210.2545681841,224.0578836109,202.4375991955
ETH,2019-09-21,214.5472068317,220.4685404761,222.9280726951,212.2803286085
ETH,2019-09-22,215.6904162106,214.5594235995,221.3215019203,213.6352797149
ETH,2019-09-23,210.6311028782,215.6898085865,216.4274729573,206.2164186208
ETH,2019-09-24,201.7345164348,210.6311884247,211.9376628993,198.7209498634
ETH,2019-09-25,168.9992628285,201.7106798027,202.7948100303,153.5773183352
ETH,2019-09-26,169.9438201808,166.4584064831,175.2361698107,162.3989671108
ETH,2019-09-27,166.6986943643,169.9462634949,170.9986839469,152.7922749888
ETH,2019-09-28,172.7389316275,166.7002100497,177.1355994737,161.3662556545
ETH,2019-09-29,172.9975519826,174.0520062107,175.5296414744,168.5297636864
ETH,2019-09-30,171.0073196817,172.9944184423,174.6299600264,164.6522820295
ETH,2019-10-01,177.9168791987,169.4650463295,180.7383956682,165.5019503921
ETH,2019-10-02,176.9313025671,181.1987394304,185.5531425202,173.9327108729
ETH,2019-10-03,178.612262899,176.9355935779,179.2120178119,174.3922358868
ETH,2019-10-04,175.1317829483,178.61447317,181.423930089,169.9848043747
ETH,2019-10-05,176.865898508,175.0228573538,179.0944323154,171.2040496556
ETH,2019-10-06,176.0604430049,176.8619874826,176.9344927585,172.3521433867
ETH,2019-10-07,169.4697137162,176.5445171112,177.0911150888,168.1019019064
ETH,2019-10-08,181.4028512955,169.4751613668,182.530127763,168.6814466764
ETH,2019-10-09,180.7891908418,181.4028352124,184.9466910935,177.5541288448
ETH,2019-10-10,193.151232685,180.7336277455,194.6156620796,179.1623635015
ETH,2019-10-11,192.198199247,193.1521878248,195.7089690343,187.0135686303
ETH,2019-10-12,181.0085295243,192.1985797807,196.9808386167,179.6352638613
ETH,2019-10-13,180.7913299807,181.0120341547,184.5822470687,177.8028309226
ETH,2019-10-14,181.5366658398,179.8019772486,184.5515804,178.7876886027
ETH,2019-10-15,186.123827056,181.5367926783,187.5599757495,180.4860190989
ETH,2019-10-17,174.7540831526,180.5031229769,181.2679391283,171.8682058198
ETH,2019-10-18,176.3901046425,174.754194627,178.9594704902,172.796886507
ETH,2019-10-19,173.7500888732,176.3914357805,177.2022734709,168.7672567184
ETH,2019-10-20,171.1585128402,172.8195486422,174.9466209944,169.9091738099
ETH,2019-10-21,174.6693846894,171.1615027168,176.5968296114,169.4636790322
ETH,2019-10-22,173.7658273815,175.1423785872,177.6712917158,171.8260005516
ETH,2019-10-23,171.3018586023,173.7639581081,175.2730854426,170.986214808
ETH,2019-10-24,159.5431046304,171.2342547086,171.5360965258,153.3632515025
ETH,2019-10-25,161.0687513033,159.5283559156,163.749360381,158.9530045613
ETH,2019-10-26,179.9804506089,160.4766970956,187.5246291896,160.437827857
ETH,2019-10-27,177.413932298,179.9785938354,197.8758978062,174.0566950798
ETH,2019-10-28,184.9332868639,179.990160317,188.9989460435,176.7905095679
ETH,2019-10-29,183.9328015641,184.9408817508,189.8001354711,180.7852768846
ETH,2019-10-30,192.3885043623,181.9923264158,192.8824666102,181.5986432951
ETH,2019-10-31,183.3652157781,192.3960443291,192.5929548786,180.1672521219
ETH,2019-11-01,181.5668036255,183.3729921191,185.2490925958,177.9502359694
ETH,2019-11-02,182.873979546,181.5678529173,184.600407325,177.6418123086
ETH,2019-11-03,182.8533039537,183.0484886922,185.5946073004,181.8530859582
ETH,2019-11-04,182.2438145131,182.8529696817,184.8237730087,179.1527610841
ETH,2019-11-05,185.3686817257,182.245439942,188.4429224346,180.4331643837
ETH,2019-11-06,188.8571937095,185.974435819,192.2945771883,182.6067912716
ETH,2019-11-07,191.0586073424,188.854812011,194.5981294983,187.9802996824
ETH,2019-11-08,187.0749396053,191.0565461602,192.1825384476,184.599135255
ETH,2019-11-09,184.4694666775,186.5114333645,188.0422281657,180.981215341
ETH,2019-11-10,185.1915991945,184.4704385404,185.6216232395,182.4951389114
ETH,2019-11-11,189.7227332618,185.1912962638,191.3733014377,183.2634617811
ETH,2019-11-12,185.3595169522,189.7216904786,190.0451626625,184.6442021819
ETH,2019-11-13,186.3251476172,185.3596158039,187.1059620068,182.1945967687
ETH,2019-11-14,187.2511139834,186.3258675955,189.2966120272,185.1390974421
ETH,2019-11-15,184.8074617077,187.80498324,188.3566912825,182.8920146705
ETH,2019-11-16,180.72497196,184.8075113077,186.2298714871,176.9691395995
ETH,2019-11-17,182.1067434198,180.7248229529,183.2523007922,179.1478943884
ETH,2019-11-18,184.1921419583,182.1067434829,186.156566048,180.0385563802
ETH,2019-11-19,178.4221816961,183.7882612011,183.870160096,174.6960152194
ETH,2019-11-20,175.5936935158,178.4223411575,178.4223411575,172.4956581721
ETH,2019-11-21,174.7796503518,175.6027918108,177.265818403,173.3506038457
ETH,2019-11-22,160.5179612026,174.7790948786,175.5398950382,156.4895342332
ETH,2019-11-23,149.5245321915,160.8533428713,162.5769374195,138.0537491882
ETH,2019-11-24,152.1362450315,149.5208627594,154.3257125714,146.3886015228
ETH,2019-11-25,144.3152880154,152.1385142954,152.9254107626,141.5578155985
ETH,2019-11-26,146.9818121723,140.2001010314,151.5314412367,131.7921090308
ETH,2019-11-27,148.006881793,146.9829430816,149.89633943,143.6151983548
ETH,2019-11-28,152.9572770475,148.0063944464,155.8367428318,140.9610081664
ETH,2019-11-29,150.4119794112,152.955144939,154.6622731365,149.7748853818
ETH,2019-11-30,153.673809539,150.4199245175,157.5477217678,149.3600870725
ETH,2019-12-01,151.6554239752,154.6333548445,155.3667352758,149.9045477323
ETH,2019-12-02,151.5529038097,151.6561540342,152.3992989132,145.9724105299
ETH,2019-12-03,149.4546546609,151.5531083148,152.1395962134,146.6868255518
ETH,2019-12-04,147.8113219421,149.0437652809,150.0229822617,145.83763867
ETH,2019-12-05,145.6033385587,147.8090196157,152.1782860761,143.3107348292
ETH,2019-12-06,147.8270036017,145.6036024282,148.8058075217,143.9984883559
ETH,2019-12-07,148.6504041144,148.0544192698,149.5198340363,145.7474845335
ETH,2019-12-08,147.8712516108,148.6506468314,149.5848527936,147.1227833161
ETH,2019-12-09,151.4106799451,147.8742814905,151.8453650178,146.4545058189
ETH,2019-12-10,147.1595338869,151.410626331,151.5515994775,146.6904023237
ETH,2019-12-11,145.7973190251,147.1614170799,148.1517289078,143.8551975824
ETH,2019-12-12,143.010804403,145.8002271455,146.307541141,142.0593823215
ETH,2019-12-13,144.5101036807,143.252226693,145.8505416904,139.279416513
ETH,2019-12-14,144.4855855195,144.6912933383,145.1629101298,142.7873856528
ETH,2019-12-15,142.0555393225,144.4855282641,145.0437269489,141.1641794375
ETH,2019-12-16,142.6819305388,142.0554433732,143.9031341532,139.8372895545
ETH,2019-12-17,132.3435787088,142.6814883866,142.681873152,129.2556709774
ETH,2019-12-18,120.879816225,132.3441022475,132.7613214618,120.4019446118
ETH,2019-12-19,133.8778331329,120.8795881985,134.2879356912,116.2571391386
ETH,2019-12-20,127.2736814053,132.9349405444,133.9879328326,125.7528612447
ETH,2019-12-21,127.3752754888,127.2735675323,128.5234324515,125.8308868059
ETH,2019-12-22,129.8708364029,127.6401608573,130.2112713936,126.6059016578
ETH,2019-12-23,128.9106173166,129.8707266492,131.4355915069,126.5881079787
ETH,2019-12-24,125.0138243959,128.9104737729,131.6841221571,123.9703664689
ETH,2019-12-25,128.0056504074,125.0129590812,128.3185995413,124.0074715855
ETH,2019-12-26,125.3335415778,128.0088700676,128.1732247557,123.2950005379
ETH,2019-12-27,125.2582992782,125.3333204048,132.0670079983,123.3816559468
ETH,2019-12-28,126.149213913,125.2563447939,126.6638832297,122.1867207586
ETH,2019-12-29,128.0111453111,126.1493765257,129.3741249045,125.7484878254
ETH,2019-12-30,134.7680350143,128.0113804058,137.8062787115,127.2727016731
ETH,2019-12-31,132.0730737137,134.2790970367,136.0115698803,130.0177845802
ETH,2020-01-01,128.7226035036,132.1265273155,133.4051840668,127.846576584
ETH,2020-01-02,129.8873633242,128.7216212353,132.6791742547,128.270383906
ETH,2020-01-03,127.0556008747,129.8863430809,130.6324406641,126.1302468569
ETH,2020-01-04,132.9708331543,127.0556008747,134.6841515877,125.4814193736
ETH,2020-01-05,133.8206207495,132.9703016886,135.5848146327,132.3263510971
ETH,2020-01-06,134.8342522004,133.8167911464,138.1953580425,133.5430080138
ETH,2020-01-07,143.1316009393,135.2739361935,143.5312380421,134.741075174
ETH,2020-01-08,142.133414011,143.1324736319,145.3194577462,138.9961843024
ETH,2020-01-09,140.3393936759,142.1874732484,147.8878585617,137.0702811602
ETH,2020-01-10,137.4949989813,140.5102540496,141.3850517365,135.4280273673
ETH,2020-01-11,142.8347833627,137.4955700047,145.1033112786,135.2747290424
ETH,2020-01-12,143.0715916414,144.8464765369,147.8492529133,142.0189513739
ETH,2020-01-13,145.2809936515,143.0715231225,145.7229897092,141.7851073239
ETH,2020-01-14,143.9369170091,145.3010869285,146.9424926044,142.1317501882
ETH,2020-01-15,163.8546314577,143.5929432203,170.7564251758,143.5882635704
ETH,2020-01-16,166.5383398703,163.8406103648,171.6563009014,158.8671804523
ETH,2020-01-17,163.9372081347,166.3027404324,167.217221392,158.1935887276
ETH,2020-01-18,171.5889767813,163.937012032,174.077917304,161.993060011
ETH,2020-01-19,176.7004339689,171.5958831713,179.1611162983,164.9857579834
ETH,2020-01-20,166.0633101409,176.6578850177,177.8974233599,161.6662374274
ETH,2020-01-21,167.5725368448,166.0631809193,169.2062998749,161.0670262194
ETH,2020-01-22,169.0544916457,167.3736339618,169.9529092157,164.1286409364
ETH,2020-01-23,167.1518344609,169.0544205089,171.1612131665,165.682081616
ETH,2020-01-24,162.6714166963,167.1518145691,167.82455463,158.8187964204
ETH,2020-01-25,162.8065223703,162.3679148834,164.2163653709,155.2544170724
ETH,2020-01-26,160.9178681144,162.8065025247,163.7269775155,157.3198028334
ETH,2020-01-27,166.7218659174,160.9179031781,167.5504987233,159.1773128596
ETH,2020-01-28,169.8001125623,166.722803283,171.7815362964,164.9161588519
ETH,2020-01-29,173.5481484134,169.8014550205,174.2348638152,169.5018639747
ETH,2020-01-30,175.4603220555,173.5175971105,178.2467886942,173.0267158889
ETH,2020-01-31,186.2620413732,173.5603847394,186.3123395629,170.5479945252
ETH,2020-02-01,181.7284342096,186.3285604061,186.6111016251,175.0291984558
ETH,2020-02-02,182.7739888825,181.7283382141,184.0332784934,179.0145943471
ETH,2020-02-03,189.3125531442,183.4823208273,193.2911003528,178.9859951724
ETH,2020-02-04,189.2575928573,189.3134156538,195.0897200057,186.5603487449
ETH,2020-02-05,188.6750821693,189.6130188487,191.3409660497,184.3270487816
ETH,2020-02-06,204.5305348023,188.6684408803,207.4707775555,187.6323374327
ETH,2020-02-07,211.2924866236,203.5375203255,216.13139851,201.0790494251
ETH,2020-02-08,221.8331393853,211.2919392725,224.4646952586,210.8638616787
ETH,2020-02-09,224.0294271926,221.8323626041,227.6191841955,213.2555275609
ETH,2020-02-10,228.0443089591,223.318134481,230.8103671753,223.1313498232
ETH,2020-02-11,223.3196378015,228.0450893991,229.5480392672,216.4743144543
ETH,2020-02-12,237.8783454792,222.9542937233,239.6841923403,218.1670883963
ETH,2020-02-13,268.3962677099,237.886199322,275.4723672202,236.4062898677
ETH,2020-02-14,266.251814938,268.3807600766,277.9827304635,255.740906833
ETH,2020-02-15,284.0004908975,268.580604928,285.4471774351,260.3258231085
ETH,2020-02-16,267.3531862573,283.9993077954,289.0017948137,261.3504166183
ETH,2020-02-17,255.3551842166,267.3499373926,273.9227613962,234.4556604486
ETH,2020-02-18,261.1372306808,259.3453376205,263.2025109357,242.5995295198
ETH,2020-02-19,281.3812072446,261.1376117575,286.3718583351,259.5321879605
ETH,2020-02-20,265.1448245328,281.4042932001,286.7519742209,251.6772124517
ETH,2020-02-21,259.714134462,258.8474449136,264.2184464238,246.1780144603
ETH,2020-02-22,263.9493850062,259.7110003601,268.6092345691,254.0968941632
ETH,2020-02-23,262.5732338444,265.6881601415,267.2730735118,256.7366519838
ETH,2020-02-24,272.842806741,262.5691731011,275.3366176225,261.2756992842
ETH,2020-02-25,263.8974852045,272.8473477755,277.7083620019,257.0230483126
ETH,2020-02-26,251.9396762368,263.8960707449,267.0061490175,244.3759790891
ETH,2020-02-27,225.6910701407,251.9397915485,251.9807182041,215.5426205679
ETH,2020-02-28,228.5854083328,223.8823233419,238.428280975,210.1001735426
ETH,2020-02-29,229.7854127591,227.627209955,234.7948751246,214.4878151301
ETH,2020-03-01,223.4992880371,229.7860462083,233.2691991915,221.4456151215
ETH,2020-03-02,218.7777359829,223.4992679279,227.7760850033,212.1268018259
ETH,2020-03-03,230.8129519843,218.776883365,234.185262591,215.8928095208
ETH,2020-03-04,224.6566350887,232.0343098569,232.6650573012,219.9493612118
ETH,2020-03-05,223.5277346882,224.6562558794,229.047914002,220.4809357928
ETH,2020-03-06,229.4143467317,223.5285236349,234.2592546315,223.5260538292
ETH,2020-03-07,240.4900817249,228.9365790491,241.8133380628,227.9712265786
ETH,2020-03-08,240.5548523654,240.5176726164,252.5990377317,236.612071398
ETH,2020-03-09,204.4108196421,240.5743930247,240.652294944,203.5604328281
ETH,2020-03-10,198.977350888,204.4095970244,209.7067017951,189.8228920363
ETH,2020-03-11,203.1258771789,203.1224284151,206.4171339898,195.9137127231
ETH,2020-03-12,194.4277839901,203.127774761,203.1525263169,181.7249688415
ETH,2020-03-13,127.2928961752,194.4190713723,195.6348960324,125.3989109703
ETH,2020-03-14,134.821028807,127.2961436395,142.7696370577,89.1220356489
ETH,2020-03-15,124.9746147264,134.8209002257,138.6602972826,123.5202340222
ETH,2020-03-16,123.7851092569,124.9783658884,140.1188474624,120.3637020825
ETH,2020-03-17,107.8983447851,123.7056713865,125.3449192428,101.1181961754
ETH,2020-03-18,118.3424035726,107.9063584543,120.9954964615,107.5406348059
ETH,2020-03-19,116.6065978423,118.3389189259,119.0685754114,110.7148691528
ETH,2020-03-20,140.8145457143,116.5963986521,143.5123451585,115.9858314049
ETH,2020-03-21,131.7531579935,140.8218464886,153.1439813657,116.6076330798
ETH,2020-03-22,133.0816861128,131.7649583177,137.8092859496,126.0691947833
ETH,2020-03-23,123.2739471992,133.05697586,137.6053555232,122.3096235458
ETH,2020-03-24,133.5701413598,122.4791515059,137.8896111553,119.7426464081
ETH,2020-03-25,140.1136998719,133.5755785677,144.3268148247,133.0782176463
